article_id,url,word_count,saved_file_path,content_type
4,https://www.ncbi.nlm.nih.gov/pmc/articles/PMC7998608/,6357,scraped_articles\article_4.txt,HTML
5,https://www.ncbi.nlm.nih.gov/pmc/articles/PMC5587110/,10421,scraped_articles\article_5.txt,HTML
6,https://www.ncbi.nlm.nih.gov/pmc/articles/PMC8396460/,7120,scraped_articles\article_6.txt,HTML
7,https://www.ncbi.nlm.nih.gov/pmc/articles/PMC5666799/,7870,scraped_articles\article_7.txt,HTML
8,https://www.ncbi.nlm.nih.gov/pmc/articles/PMC5460236/,5334,scraped_articles\article_8.txt,HTML
9,https://www.ncbi.nlm.nih.gov/pmc/articles/PMC6222041/,6087,scraped_articles\article_9.txt,HTML
10,https://www.ncbi.nlm.nih.gov/pmc/articles/PMC6813909/,5895,scraped_articles\article_10.txt,HTML
11,https://www.ncbi.nlm.nih.gov/pmc/articles/PMC4095884/,7662,scraped_articles\article_11.txt,HTML
12,https://www.ncbi.nlm.nih.gov/pmc/articles/PMC3040128/,7288,scraped_articles\article_12.txt,HTML
13,https://www.ncbi.nlm.nih.gov/pmc/articles/PMC3177255/,8671,scraped_articles\article_13.txt,HTML
14,https://www.ncbi.nlm.nih.gov/pmc/articles/PMC11500582/,5299,scraped_articles\article_14.txt,HTML
15,https://www.ncbi.nlm.nih.gov/pmc/articles/PMC5387210/,7323,scraped_articles\article_15.txt,HTML
16,https://www.ncbi.nlm.nih.gov/pmc/articles/PMC4642138/,7606,scraped_articles\article_16.txt,HTML
18,https://www.ncbi.nlm.nih.gov/pmc/articles/PMC2915878/,9023,scraped_articles\article_18.txt,HTML
19,https://www.ncbi.nlm.nih.gov/pmc/articles/PMC3901686/,6854,scraped_articles\article_19.txt,HTML
20,https://www.ncbi.nlm.nih.gov/pmc/articles/PMC6985101/,796,scraped_articles\article_20.txt,HTML
21,https://www.ncbi.nlm.nih.gov/pmc/articles/PMC6387434/,9124,scraped_articles\article_21.txt,HTML
22,https://www.ncbi.nlm.nih.gov/pmc/articles/PMC6371294/,4967,scraped_articles\article_22.txt,HTML
23,https://www.ncbi.nlm.nih.gov/pmc/articles/PMC7072278/,9707,scraped_articles\article_23.txt,HTML
24,https://www.ncbi.nlm.nih.gov/pmc/articles/PMC8441986/,16843,scraped_articles\article_24.txt,HTML
25,https://www.ncbi.nlm.nih.gov/pmc/articles/PMC9400218/,6401,scraped_articles\article_25.txt,HTML
27,https://www.ncbi.nlm.nih.gov/pmc/articles/PMC9576569/,7340,scraped_articles\article_27.txt,HTML
28,https://www.ncbi.nlm.nih.gov/pmc/articles/PMC10789781/,8234,scraped_articles\article_28.txt,HTML
29,https://www.ncbi.nlm.nih.gov/pmc/articles/PMC10772081/,9129,scraped_articles\article_29.txt,HTML
30,https://www.ncbi.nlm.nih.gov/pmc/articles/PMC11166946/,12423,scraped_articles\article_30.txt,HTML
31,https://www.ncbi.nlm.nih.gov/pmc/articles/PMC11166944/,18343,scraped_articles\article_31.txt,HTML
32,https://www.ncbi.nlm.nih.gov/pmc/articles/PMC11166968/,7332,scraped_articles\article_32.txt,HTML
33,https://www.ncbi.nlm.nih.gov/pmc/articles/PMC7000411/,7498,scraped_articles\article_33.txt,HTML
34,https://www.ncbi.nlm.nih.gov/pmc/articles/PMC7787258/,9454,scraped_articles\article_34.txt,HTML
35,https://www.ncbi.nlm.nih.gov/pmc/articles/PMC8716943/,9630,scraped_articles\article_35.txt,HTML
36,https://www.ncbi.nlm.nih.gov/pmc/articles/PMC4826010/,15988,scraped_articles\article_36.txt,HTML
37,https://www.ncbi.nlm.nih.gov/pmc/articles/PMC6048781/,2409,scraped_articles\article_37.txt,HTML
38,https://www.ncbi.nlm.nih.gov/pmc/articles/PMC7010715/,9849,scraped_articles\article_38.txt,HTML
39,https://www.ncbi.nlm.nih.gov/pmc/articles/PMC7503278/,8177,scraped_articles\article_39.txt,HTML
40,https://www.ncbi.nlm.nih.gov/pmc/articles/PMC8364238/,11821,scraped_articles\article_40.txt,HTML
41,https://www.ncbi.nlm.nih.gov/pmc/articles/PMC11579474/,9304,scraped_articles\article_41.txt,HTML
42,https://www.ncbi.nlm.nih.gov/pmc/articles/PMC2998437/,5801,scraped_articles\article_42.txt,HTML
43,https://www.ncbi.nlm.nih.gov/pmc/articles/PMC3005423/,4911,scraped_articles\article_43.txt,HTML
44,https://www.ncbi.nlm.nih.gov/pmc/articles/PMC3190158/,2517,scraped_articles\article_44.txt,HTML
45,https://www.ncbi.nlm.nih.gov/pmc/articles/PMC3289768/,5488,scraped_articles\article_45.txt,HTML
46,https://www.ncbi.nlm.nih.gov/pmc/articles/PMC3508904/,4085,scraped_articles\article_46.txt,HTML
47,https://www.ncbi.nlm.nih.gov/pmc/articles/PMC3430326/,6069,scraped_articles\article_47.txt,HTML
48,https://www.ncbi.nlm.nih.gov/pmc/articles/PMC3593973/,5328,scraped_articles\article_48.txt,HTML
49,https://www.ncbi.nlm.nih.gov/pmc/articles/PMC5018776/,203,scraped_articles\article_49.txt,HTML
50,https://www.ncbi.nlm.nih.gov/pmc/articles/PMC4896697/,1847,scraped_articles\article_50.txt,HTML
51,https://www.ncbi.nlm.nih.gov/pmc/articles/PMC11127935/,7994,scraped_articles\article_51.txt,HTML
52,https://www.ncbi.nlm.nih.gov/pmc/articles/PMC11831363/,261,scraped_articles\article_52.txt,HTML
54,https://www.ncbi.nlm.nih.gov/pmc/articles/PMC8816950/,7752,scraped_articles\article_54.txt,HTML
55,https://www.ncbi.nlm.nih.gov/pmc/articles/PMC3774184/,6692,scraped_articles\article_55.txt,HTML
56,https://www.ncbi.nlm.nih.gov/pmc/articles/PMC4118556/,7235,scraped_articles\article_56.txt,HTML
57,https://www.ncbi.nlm.nih.gov/pmc/articles/PMC4653813/,3697,scraped_articles\article_57.txt,HTML
58,https://www.ncbi.nlm.nih.gov/pmc/articles/PMC6915713/,8734,scraped_articles\article_58.txt,HTML
59,https://www.ncbi.nlm.nih.gov/pmc/articles/PMC6124165/,4457,scraped_articles\article_59.txt,HTML
60,https://www.ncbi.nlm.nih.gov/pmc/articles/PMC8509868/,3114,scraped_articles\article_60.txt,HTML
61,https://www.ncbi.nlm.nih.gov/pmc/articles/PMC11063234/,9664,scraped_articles\article_61.txt,HTML
62,https://www.ncbi.nlm.nih.gov/pmc/articles/PMC5672023/,12765,scraped_articles\article_62.txt,HTML
63,https://www.ncbi.nlm.nih.gov/pmc/articles/PMC5899691/,12041,scraped_articles\article_63.txt,HTML
65,https://www.ncbi.nlm.nih.gov/pmc/articles/PMC4064004/,7571,scraped_articles\article_65.txt,HTML
66,https://www.ncbi.nlm.nih.gov/pmc/articles/PMC3818365/,4970,scraped_articles\article_66.txt,HTML
67,https://www.ncbi.nlm.nih.gov/pmc/articles/PMC3981873/,6994,scraped_articles\article_67.txt,HTML
68,https://www.ncbi.nlm.nih.gov/pmc/articles/PMC4150462/,1584,scraped_articles\article_68.txt,HTML
69,https://www.ncbi.nlm.nih.gov/pmc/articles/PMC4378170/,9570,scraped_articles\article_69.txt,HTML
70,https://www.ncbi.nlm.nih.gov/pmc/articles/PMC4618186/,3628,scraped_articles\article_70.txt,HTML
71,https://www.ncbi.nlm.nih.gov/pmc/articles/PMC4453782/,10774,scraped_articles\article_71.txt,HTML
72,https://www.ncbi.nlm.nih.gov/pmc/articles/PMC4902601/,11600,scraped_articles\article_72.txt,HTML
73,https://www.ncbi.nlm.nih.gov/pmc/articles/PMC4776492/,10520,scraped_articles\article_73.txt,HTML
74,https://www.ncbi.nlm.nih.gov/pmc/articles/PMC5415411/,7262,scraped_articles\article_74.txt,HTML
75,https://www.ncbi.nlm.nih.gov/pmc/articles/PMC6289879/,9623,scraped_articles\article_75.txt,HTML
76,https://www.ncbi.nlm.nih.gov/pmc/articles/PMC7987364/,7827,scraped_articles\article_76.txt,HTML
77,https://www.ncbi.nlm.nih.gov/pmc/articles/PMC8099722/,6815,scraped_articles\article_77.txt,HTML
78,https://www.ncbi.nlm.nih.gov/pmc/articles/PMC5116466/,476,scraped_articles\article_78.txt,HTML
79,https://www.ncbi.nlm.nih.gov/pmc/articles/PMC4033213/,5064,scraped_articles\article_79.txt,HTML
80,https://www.ncbi.nlm.nih.gov/pmc/articles/PMC6081456/,3569,scraped_articles\article_80.txt,HTML
81,https://www.ncbi.nlm.nih.gov/pmc/articles/PMC5955502/,7268,scraped_articles\article_81.txt,HTML
82,https://www.ncbi.nlm.nih.gov/pmc/articles/PMC10285634/,8804,scraped_articles\article_82.txt,HTML
83,https://www.ncbi.nlm.nih.gov/pmc/articles/PMC11271499/,3834,scraped_articles\article_83.txt,HTML
84,https://www.ncbi.nlm.nih.gov/pmc/articles/PMC6062551/,8641,scraped_articles\article_84.txt,HTML
85,https://www.ncbi.nlm.nih.gov/pmc/articles/PMC9832585/,8377,scraped_articles\article_85.txt,HTML
86,https://www.ncbi.nlm.nih.gov/pmc/articles/PMC7829349/,9774,scraped_articles\article_86.txt,HTML
87,https://www.ncbi.nlm.nih.gov/pmc/articles/PMC3570223/,9107,scraped_articles\article_87.txt,HTML
88,https://www.ncbi.nlm.nih.gov/pmc/articles/PMC3457586/,7540,scraped_articles\article_88.txt,HTML
89,https://www.ncbi.nlm.nih.gov/pmc/articles/PMC3558598/,6838,scraped_articles\article_89.txt,HTML
90,https://www.ncbi.nlm.nih.gov/pmc/articles/PMC11046949/,7776,scraped_articles\article_90.txt,HTML
91,https://www.ncbi.nlm.nih.gov/pmc/articles/PMC3890248/,3954,scraped_articles\article_91.txt,HTML
92,https://www.ncbi.nlm.nih.gov/pmc/articles/PMC3868799/,3650,scraped_articles\article_92.txt,HTML
93,https://www.ncbi.nlm.nih.gov/pmc/articles/PMC4960141/,6017,scraped_articles\article_93.txt,HTML
94,https://www.ncbi.nlm.nih.gov/pmc/articles/PMC5736159/,7584,scraped_articles\article_94.txt,HTML
95,https://www.ncbi.nlm.nih.gov/pmc/articles/PMC5761896/,7902,scraped_articles\article_95.txt,HTML
96,https://www.ncbi.nlm.nih.gov/pmc/articles/PMC5826609/,9198,scraped_articles\article_96.txt,HTML
97,https://www.ncbi.nlm.nih.gov/pmc/articles/PMC6366624/,6700,scraped_articles\article_97.txt,HTML
98,https://www.ncbi.nlm.nih.gov/pmc/articles/PMC11929063/,7613,scraped_articles\article_98.txt,HTML
100,https://www.ncbi.nlm.nih.gov/pmc/articles/PMC10996920/,6520,scraped_articles\article_100.txt,HTML
101,https://www.ncbi.nlm.nih.gov/pmc/articles/PMC7954810/,5276,scraped_articles\article_101.txt,HTML
102,https://www.ncbi.nlm.nih.gov/pmc/articles/PMC4228280/,6598,scraped_articles\article_102.txt,HTML
103,https://www.ncbi.nlm.nih.gov/pmc/articles/PMC3639165/,6196,scraped_articles\article_103.txt,HTML
104,https://www.ncbi.nlm.nih.gov/pmc/articles/PMC8044432/,9310,scraped_articles\article_104.txt,HTML
105,https://www.ncbi.nlm.nih.gov/pmc/articles/PMC7778922/,4147,scraped_articles\article_105.txt,HTML
106,https://www.ncbi.nlm.nih.gov/pmc/articles/PMC7870178/,18704,scraped_articles\article_106.txt,HTML
107,https://www.ncbi.nlm.nih.gov/pmc/articles/PMC7733874/,6672,scraped_articles\article_107.txt,HTML
108,https://www.ncbi.nlm.nih.gov/pmc/articles/PMC7828077/,5782,scraped_articles\article_108.txt,HTML
110,https://www.ncbi.nlm.nih.gov/pmc/articles/PMC11166911/,10490,scraped_articles\article_110.txt,HTML
111,https://www.ncbi.nlm.nih.gov/pmc/articles/PMC11167097/,1144,scraped_articles\article_111.txt,HTML
112,https://www.ncbi.nlm.nih.gov/pmc/articles/PMC11094041/,4077,scraped_articles\article_112.txt,HTML
113,https://www.ncbi.nlm.nih.gov/pmc/articles/PMC11053165/,7185,scraped_articles\article_113.txt,HTML
114,https://www.ncbi.nlm.nih.gov/pmc/articles/PMC11403809/,2388,scraped_articles\article_114.txt,HTML
115,https://www.ncbi.nlm.nih.gov/pmc/articles/PMC8513672/,8051,scraped_articles\article_115.txt,HTML
116,https://www.ncbi.nlm.nih.gov/pmc/articles/PMC11126634/,5713,scraped_articles\article_116.txt,HTML
117,https://www.ncbi.nlm.nih.gov/pmc/articles/PMC11386075/,9519,scraped_articles\article_117.txt,HTML
118,https://www.ncbi.nlm.nih.gov/pmc/articles/PMC3502426/,6260,scraped_articles\article_118.txt,HTML
119,https://www.ncbi.nlm.nih.gov/pmc/articles/PMC3856860/,5279,scraped_articles\article_119.txt,HTML
120,https://www.ncbi.nlm.nih.gov/pmc/articles/PMC3615599/,6510,scraped_articles\article_120.txt,HTML
121,https://www.ncbi.nlm.nih.gov/pmc/articles/PMC4050424/,6765,scraped_articles\article_121.txt,HTML
122,https://www.ncbi.nlm.nih.gov/pmc/articles/PMC3659353/,7005,scraped_articles\article_122.txt,HTML
124,https://www.ncbi.nlm.nih.gov/pmc/articles/PMC4398884/,5827,scraped_articles\article_124.txt,HTML
125,https://www.ncbi.nlm.nih.gov/pmc/articles/PMC4379453/,5908,scraped_articles\article_125.txt,HTML
126,https://www.ncbi.nlm.nih.gov/pmc/articles/PMC4385880/,6814,scraped_articles\article_126.txt,HTML
127,https://www.ncbi.nlm.nih.gov/pmc/articles/PMC4964660/,6452,scraped_articles\article_127.txt,HTML
128,https://www.ncbi.nlm.nih.gov/pmc/articles/PMC5866446/,6218,scraped_articles\article_128.txt,HTML
129,https://www.ncbi.nlm.nih.gov/pmc/articles/PMC6165321/,6094,scraped_articles\article_129.txt,HTML
130,https://www.ncbi.nlm.nih.gov/pmc/articles/PMC7339929/,6137,scraped_articles\article_130.txt,HTML
131,https://www.ncbi.nlm.nih.gov/pmc/articles/PMC8220224/,8890,scraped_articles\article_131.txt,HTML
132,https://www.ncbi.nlm.nih.gov/pmc/articles/PMC2910419/,9360,scraped_articles\article_132.txt,HTML
133,https://www.ncbi.nlm.nih.gov/pmc/articles/PMC3166430/,8577,scraped_articles\article_133.txt,HTML
134,https://www.ncbi.nlm.nih.gov/pmc/articles/PMC6615562/,6233,scraped_articles\article_134.txt,HTML
135,https://www.ncbi.nlm.nih.gov/pmc/articles/PMC7324008/,8354,scraped_articles\article_135.txt,HTML
136,https://www.ncbi.nlm.nih.gov/pmc/articles/PMC8412175/,3352,scraped_articles\article_136.txt,HTML
137,https://www.ncbi.nlm.nih.gov/pmc/articles/PMC10607959/,922,scraped_articles\article_137.txt,HTML
138,https://www.ncbi.nlm.nih.gov/pmc/articles/PMC9699585/,7807,scraped_articles\article_138.txt,HTML
139,https://www.ncbi.nlm.nih.gov/pmc/articles/PMC9953055/,6624,scraped_articles\article_139.txt,HTML
140,https://www.ncbi.nlm.nih.gov/pmc/articles/PMC10528075/,7677,scraped_articles\article_140.txt,HTML
141,https://www.ncbi.nlm.nih.gov/pmc/articles/PMC10813126/,4865,scraped_articles\article_141.txt,HTML
142,https://www.ncbi.nlm.nih.gov/pmc/articles/PMC10390562/,8455,scraped_articles\article_142.txt,HTML
143,https://www.ncbi.nlm.nih.gov/pmc/articles/PMC4290804/,6721,scraped_articles\article_143.txt,HTML
145,https://www.ncbi.nlm.nih.gov/pmc/articles/PMC5286820/,9660,scraped_articles\article_145.txt,HTML
146,https://www.ncbi.nlm.nih.gov/pmc/articles/PMC5470433/,1820,scraped_articles\article_146.txt,HTML
147,https://www.ncbi.nlm.nih.gov/pmc/articles/PMC5491145/,9376,scraped_articles\article_147.txt,HTML
148,https://www.ncbi.nlm.nih.gov/pmc/articles/PMC5996828/,1951,scraped_articles\article_148.txt,HTML
149,https://www.ncbi.nlm.nih.gov/pmc/articles/PMC6201722/,6549,scraped_articles\article_149.txt,HTML
150,https://www.ncbi.nlm.nih.gov/pmc/articles/PMC6240453/,6788,scraped_articles\article_150.txt,HTML
151,https://www.ncbi.nlm.nih.gov/pmc/articles/PMC6447593/,3543,scraped_articles\article_151.txt,HTML
152,https://www.ncbi.nlm.nih.gov/pmc/articles/PMC7264257/,8261,scraped_articles\article_152.txt,HTML
153,https://www.ncbi.nlm.nih.gov/pmc/articles/PMC7064724/,15037,scraped_articles\article_153.txt,HTML
154,https://www.ncbi.nlm.nih.gov/pmc/articles/PMC6379395/,2976,scraped_articles\article_154.txt,HTML
155,https://www.ncbi.nlm.nih.gov/pmc/articles/PMC4187166/,4847,scraped_articles\article_155.txt,HTML
156,https://www.ncbi.nlm.nih.gov/pmc/articles/PMC5219934/,6894,scraped_articles\article_156.txt,HTML
157,https://www.ncbi.nlm.nih.gov/pmc/articles/PMC6386654/,5211,scraped_articles\article_157.txt,HTML
158,https://www.ncbi.nlm.nih.gov/pmc/articles/PMC7940393/,7708,scraped_articles\article_158.txt,HTML
159,https://www.ncbi.nlm.nih.gov/pmc/articles/PMC9023564/,8225,scraped_articles\article_159.txt,HTML
160,https://www.ncbi.nlm.nih.gov/pmc/articles/PMC9389742/,10494,scraped_articles\article_160.txt,HTML
161,https://www.ncbi.nlm.nih.gov/pmc/articles/PMC2824534/,5689,scraped_articles\article_161.txt,HTML
162,https://www.ncbi.nlm.nih.gov/pmc/articles/PMC2991213/,5749,scraped_articles\article_162.txt,HTML
163,https://www.ncbi.nlm.nih.gov/pmc/articles/PMC8269219/,1473,scraped_articles\article_163.txt,HTML
164,https://www.ncbi.nlm.nih.gov/pmc/articles/PMC11362537/,12164,scraped_articles\article_164.txt,HTML
165,https://www.ncbi.nlm.nih.gov/pmc/articles/PMC9111996/,8336,scraped_articles\article_165.txt,HTML
166,https://www.ncbi.nlm.nih.gov/pmc/articles/PMC10308117/,9411,scraped_articles\article_166.txt,HTML
167,https://www.ncbi.nlm.nih.gov/pmc/articles/PMC10233975/,10706,scraped_articles\article_167.txt,HTML
168,https://www.ncbi.nlm.nih.gov/pmc/articles/PMC10848226/,7352,scraped_articles\article_168.txt,HTML
169,https://www.ncbi.nlm.nih.gov/pmc/articles/PMC3329368/,1534,scraped_articles\article_169.txt,HTML
170,https://www.ncbi.nlm.nih.gov/pmc/articles/PMC12008199/,12331,scraped_articles\article_170.txt,HTML
172,https://www.ncbi.nlm.nih.gov/pmc/articles/PMC4035928/,6748,scraped_articles\article_172.txt,HTML
174,https://www.ncbi.nlm.nih.gov/pmc/articles/PMC5181587/,9345,scraped_articles\article_174.txt,HTML
175,https://www.ncbi.nlm.nih.gov/pmc/articles/PMC4936552/,10547,scraped_articles\article_175.txt,HTML
176,https://www.ncbi.nlm.nih.gov/pmc/articles/PMC7610290/,6719,scraped_articles\article_176.txt,HTML
177,https://www.ncbi.nlm.nih.gov/pmc/articles/PMC5614317/,5256,scraped_articles\article_177.txt,HTML
178,https://www.ncbi.nlm.nih.gov/pmc/articles/PMC5677518/,6579,scraped_articles\article_178.txt,HTML
179,https://www.ncbi.nlm.nih.gov/pmc/articles/PMC11850895/,8217,scraped_articles\article_179.txt,HTML
180,https://www.ncbi.nlm.nih.gov/pmc/articles/PMC7076552/,10424,scraped_articles\article_180.txt,HTML
181,https://www.ncbi.nlm.nih.gov/pmc/articles/PMC7414185/,7999,scraped_articles\article_181.txt,HTML
182,https://www.ncbi.nlm.nih.gov/pmc/articles/PMC8133610/,8145,scraped_articles\article_182.txt,HTML
183,https://www.ncbi.nlm.nih.gov/pmc/articles/PMC8113475/,6009,scraped_articles\article_183.txt,HTML
184,https://www.ncbi.nlm.nih.gov/pmc/articles/PMC9706465/,12091,scraped_articles\article_184.txt,HTML
185,https://www.ncbi.nlm.nih.gov/pmc/articles/PMC10027818/,10270,scraped_articles\article_185.txt,HTML
186,https://www.ncbi.nlm.nih.gov/pmc/articles/PMC3337602/,3725,scraped_articles\article_186.txt,HTML
187,https://www.ncbi.nlm.nih.gov/pmc/articles/PMC4490751/,5298,scraped_articles\article_187.txt,HTML
188,https://www.ncbi.nlm.nih.gov/pmc/articles/PMC5132293/,5106,scraped_articles\article_188.txt,HTML
189,https://www.ncbi.nlm.nih.gov/pmc/articles/PMC11747068/,9781,scraped_articles\article_189.txt,HTML
190,https://www.ncbi.nlm.nih.gov/pmc/articles/PMC5666834/,5931,scraped_articles\article_190.txt,HTML
191,https://www.ncbi.nlm.nih.gov/pmc/articles/PMC6753329/,9400,scraped_articles\article_191.txt,HTML
192,https://www.ncbi.nlm.nih.gov/pmc/articles/PMC7012842/,11632,scraped_articles\article_192.txt,HTML
193,https://www.ncbi.nlm.nih.gov/pmc/articles/PMC4405755/,7821,scraped_articles\article_193.txt,HTML
194,https://www.ncbi.nlm.nih.gov/pmc/articles/PMC8260663/,6456,scraped_articles\article_194.txt,HTML
195,https://www.ncbi.nlm.nih.gov/pmc/articles/PMC4647464/,10789,scraped_articles\article_195.txt,HTML
196,https://www.ncbi.nlm.nih.gov/pmc/articles/PMC5659752/,11158,scraped_articles\article_196.txt,HTML
197,https://www.ncbi.nlm.nih.gov/pmc/articles/PMC6372189/,14310,scraped_articles\article_197.txt,HTML
198,https://www.ncbi.nlm.nih.gov/pmc/articles/PMC6945029/,8708,scraped_articles\article_198.txt,HTML
200,https://www.ncbi.nlm.nih.gov/pmc/articles/PMC8191917/,8629,scraped_articles\article_200.txt,HTML
201,https://www.ncbi.nlm.nih.gov/pmc/articles/PMC9865768/,8019,scraped_articles\article_201.txt,HTML
202,https://www.ncbi.nlm.nih.gov/pmc/articles/PMC10797188/,16993,scraped_articles\article_202.txt,HTML
204,https://www.ncbi.nlm.nih.gov/pmc/articles/PMC7555395/,5905,scraped_articles\article_204.txt,HTML
205,https://www.ncbi.nlm.nih.gov/pmc/articles/PMC4309212/,6929,scraped_articles\article_205.txt,HTML
206,https://www.ncbi.nlm.nih.gov/pmc/articles/PMC6560652/,7819,scraped_articles\article_206.txt,HTML
207,https://www.ncbi.nlm.nih.gov/pmc/articles/PMC6321533/,4574,scraped_articles\article_207.txt,HTML
208,https://www.ncbi.nlm.nih.gov/pmc/articles/PMC12040010/,3562,scraped_articles\article_208.txt,HTML
209,https://www.ncbi.nlm.nih.gov/pmc/articles/PMC11833055/,10459,scraped_articles\article_209.txt,HTML
210,https://www.ncbi.nlm.nih.gov/pmc/articles/PMC9146534/,5769,scraped_articles\article_210.txt,HTML
211,https://www.ncbi.nlm.nih.gov/pmc/articles/PMC11492218/,4413,scraped_articles\article_211.txt,HTML
212,https://www.ncbi.nlm.nih.gov/pmc/articles/PMC6339989/,5313,scraped_articles\article_212.txt,HTML
213,https://www.ncbi.nlm.nih.gov/pmc/articles/PMC4110898/,3783,scraped_articles\article_213.txt,HTML
214,https://www.ncbi.nlm.nih.gov/pmc/articles/PMC3947616/,3721,scraped_articles\article_214.txt,HTML
215,https://www.ncbi.nlm.nih.gov/pmc/articles/PMC5477841/,5764,scraped_articles\article_215.txt,HTML
216,https://www.ncbi.nlm.nih.gov/pmc/articles/PMC9139491/,5750,scraped_articles\article_216.txt,HTML
217,https://www.ncbi.nlm.nih.gov/pmc/articles/PMC5515531/,10580,scraped_articles\article_217.txt,HTML
218,https://www.ncbi.nlm.nih.gov/pmc/articles/PMC3258067/,3598,scraped_articles\article_218.txt,HTML
219,https://www.ncbi.nlm.nih.gov/pmc/articles/PMC10025027/,7054,scraped_articles\article_219.txt,HTML
220,https://www.ncbi.nlm.nih.gov/pmc/articles/PMC7733933/,8793,scraped_articles\article_220.txt,HTML
221,https://www.ncbi.nlm.nih.gov/pmc/articles/PMC9105288/,5735,scraped_articles\article_221.txt,HTML
222,https://www.ncbi.nlm.nih.gov/pmc/articles/PMC9617909/,6366,scraped_articles\article_222.txt,HTML
223,https://www.ncbi.nlm.nih.gov/pmc/articles/PMC9695138/,4791,scraped_articles\article_223.txt,HTML
224,https://www.ncbi.nlm.nih.gov/pmc/articles/PMC3503204/,5079,scraped_articles\article_224.txt,HTML
225,https://www.ncbi.nlm.nih.gov/pmc/articles/PMC5896955/,21992,scraped_articles\article_225.txt,HTML
226,https://www.ncbi.nlm.nih.gov/pmc/articles/PMC4469364/,6532,scraped_articles\article_226.txt,HTML
227,https://www.ncbi.nlm.nih.gov/pmc/articles/PMC4411250/,3883,scraped_articles\article_227.txt,HTML
228,https://www.ncbi.nlm.nih.gov/pmc/articles/PMC5047659/,7735,scraped_articles\article_228.txt,HTML
229,https://www.ncbi.nlm.nih.gov/pmc/articles/PMC5454470/,12498,scraped_articles\article_229.txt,HTML
230,https://www.ncbi.nlm.nih.gov/pmc/articles/PMC5515506/,6131,scraped_articles\article_230.txt,HTML
231,https://www.ncbi.nlm.nih.gov/pmc/articles/PMC3044105/,4347,scraped_articles\article_231.txt,HTML
232,https://www.ncbi.nlm.nih.gov/pmc/articles/PMC3002170/,5767,scraped_articles\article_232.txt,HTML
233,https://www.ncbi.nlm.nih.gov/pmc/articles/PMC6188462/,3643,scraped_articles\article_233.txt,HTML
234,https://www.ncbi.nlm.nih.gov/pmc/articles/PMC11470607/,10276,scraped_articles\article_234.txt,HTML
235,https://www.ncbi.nlm.nih.gov/pmc/articles/PMC3603133/,5665,scraped_articles\article_235.txt,HTML
236,https://www.ncbi.nlm.nih.gov/pmc/articles/PMC6462350/,6653,scraped_articles\article_236.txt,HTML
237,https://www.ncbi.nlm.nih.gov/pmc/articles/PMC4012541/,6286,scraped_articles\article_237.txt,HTML
238,https://www.ncbi.nlm.nih.gov/pmc/articles/PMC4653058/,5211,scraped_articles\article_238.txt,HTML
239,https://www.ncbi.nlm.nih.gov/pmc/articles/PMC6137544/,8977,scraped_articles\article_239.txt,HTML
240,https://www.ncbi.nlm.nih.gov/pmc/articles/PMC2913424/,9798,scraped_articles\article_240.txt,HTML
241,https://www.ncbi.nlm.nih.gov/pmc/articles/PMC7190111/,9560,scraped_articles\article_241.txt,HTML
242,https://www.ncbi.nlm.nih.gov/pmc/articles/PMC7382458/,7085,scraped_articles\article_242.txt,HTML
243,https://www.ncbi.nlm.nih.gov/pmc/articles/PMC8444978/,3365,scraped_articles\article_243.txt,HTML
244,https://www.ncbi.nlm.nih.gov/pmc/articles/PMC9241228/,9977,scraped_articles\article_244.txt,HTML
245,https://www.ncbi.nlm.nih.gov/pmc/articles/PMC8953707/,7750,scraped_articles\article_245.txt,HTML
247,https://www.ncbi.nlm.nih.gov/pmc/articles/PMC3747666/,5089,scraped_articles\article_247.txt,HTML
248,https://www.ncbi.nlm.nih.gov/pmc/articles/PMC4337661/,3440,scraped_articles\article_248.txt,HTML
250,https://www.ncbi.nlm.nih.gov/pmc/articles/PMC5052530/,7169,scraped_articles\article_250.txt,HTML
251,https://www.ncbi.nlm.nih.gov/pmc/articles/PMC5114340/,4453,scraped_articles\article_251.txt,HTML
252,https://www.ncbi.nlm.nih.gov/pmc/articles/PMC5488280/,5753,scraped_articles\article_252.txt,HTML
253,https://www.ncbi.nlm.nih.gov/pmc/articles/PMC9293686/,5058,scraped_articles\article_253.txt,HTML
254,https://www.ncbi.nlm.nih.gov/pmc/articles/PMC6091969/,12828,scraped_articles\article_254.txt,HTML
255,https://www.ncbi.nlm.nih.gov/pmc/articles/PMC7029147/,6769,scraped_articles\article_255.txt,HTML
256,https://www.ncbi.nlm.nih.gov/pmc/articles/PMC3092937/,7792,scraped_articles\article_256.txt,HTML
257,https://www.ncbi.nlm.nih.gov/pmc/articles/PMC5748516/,7307,scraped_articles\article_257.txt,HTML
258,https://www.ncbi.nlm.nih.gov/pmc/articles/PMC9287483/,14634,scraped_articles\article_258.txt,HTML
260,https://www.ncbi.nlm.nih.gov/pmc/articles/PMC4211383/,12718,scraped_articles\article_260.txt,HTML
262,https://www.ncbi.nlm.nih.gov/pmc/articles/PMC5821596/,9349,scraped_articles\article_262.txt,HTML
263,https://www.ncbi.nlm.nih.gov/pmc/articles/PMC6889863/,6914,scraped_articles\article_263.txt,HTML
264,https://www.ncbi.nlm.nih.gov/pmc/articles/PMC6908503/,5682,scraped_articles\article_264.txt,HTML
265,https://www.ncbi.nlm.nih.gov/pmc/articles/PMC7607443/,6614,scraped_articles\article_265.txt,HTML
266,https://www.ncbi.nlm.nih.gov/pmc/articles/PMC10764921/,5536,scraped_articles\article_266.txt,HTML
267,https://www.ncbi.nlm.nih.gov/pmc/articles/PMC9605285/,8681,scraped_articles\article_267.txt,HTML
268,https://www.ncbi.nlm.nih.gov/pmc/articles/PMC3962621/,7690,scraped_articles\article_268.txt,HTML
269,https://www.ncbi.nlm.nih.gov/pmc/articles/PMC4462657/,6281,scraped_articles\article_269.txt,HTML
270,https://www.ncbi.nlm.nih.gov/pmc/articles/PMC5026643/,5219,scraped_articles\article_270.txt,HTML
271,https://www.ncbi.nlm.nih.gov/pmc/articles/PMC5026642/,8019,scraped_articles\article_271.txt,HTML
272,https://www.ncbi.nlm.nih.gov/pmc/articles/PMC10342025/,6585,scraped_articles\article_272.txt,HTML
273,https://www.ncbi.nlm.nih.gov/pmc/articles/PMC11167039/,6626,scraped_articles\article_273.txt,HTML
274,https://www.ncbi.nlm.nih.gov/pmc/articles/PMC10020673/,9471,scraped_articles\article_274.txt,HTML
275,https://www.ncbi.nlm.nih.gov/pmc/articles/PMC9144607/,8538,scraped_articles\article_275.txt,HTML
276,https://www.ncbi.nlm.nih.gov/pmc/articles/PMC7314936/,10562,scraped_articles\article_276.txt,HTML
277,https://www.ncbi.nlm.nih.gov/pmc/articles/PMC4340379/,7669,scraped_articles\article_277.txt,HTML
278,https://www.ncbi.nlm.nih.gov/pmc/articles/PMC5933128/,12400,scraped_articles\article_278.txt,HTML
279,https://www.ncbi.nlm.nih.gov/pmc/articles/PMC8185232/,12127,scraped_articles\article_279.txt,HTML
280,https://www.ncbi.nlm.nih.gov/pmc/articles/PMC3936501/,8168,scraped_articles\article_280.txt,HTML
281,https://www.ncbi.nlm.nih.gov/pmc/articles/PMC11998595/,4341,scraped_articles\article_281.txt,HTML
282,https://www.ncbi.nlm.nih.gov/pmc/articles/PMC7996555/,7461,scraped_articles\article_282.txt,HTML
283,https://www.ncbi.nlm.nih.gov/pmc/articles/PMC8234954/,8803,scraped_articles\article_283.txt,HTML
284,https://www.ncbi.nlm.nih.gov/pmc/articles/PMC4152162/,9067,scraped_articles\article_284.txt,HTML
285,https://www.ncbi.nlm.nih.gov/pmc/articles/PMC5498037/,9414,scraped_articles\article_285.txt,HTML
286,https://www.ncbi.nlm.nih.gov/pmc/articles/PMC6547757/,8182,scraped_articles\article_286.txt,HTML
287,https://www.ncbi.nlm.nih.gov/pmc/articles/PMC6747492/,6313,scraped_articles\article_287.txt,HTML
288,https://www.ncbi.nlm.nih.gov/pmc/articles/PMC6746706/,7328,scraped_articles\article_288.txt,HTML
289,https://www.ncbi.nlm.nih.gov/pmc/articles/PMC8400407/,5390,scraped_articles\article_289.txt,HTML
290,https://www.ncbi.nlm.nih.gov/pmc/articles/PMC9365836/,6798,scraped_articles\article_290.txt,HTML
291,https://www.ncbi.nlm.nih.gov/pmc/articles/PMC9547011/,8702,scraped_articles\article_291.txt,HTML
292,https://www.ncbi.nlm.nih.gov/pmc/articles/PMC10138634/,6117,scraped_articles\article_292.txt,HTML
293,https://www.ncbi.nlm.nih.gov/pmc/articles/PMC12031868/,7517,scraped_articles\article_293.txt,HTML
294,https://www.ncbi.nlm.nih.gov/pmc/articles/PMC9583032/,10459,scraped_articles\article_294.txt,HTML
295,https://www.ncbi.nlm.nih.gov/pmc/articles/PMC9746133/,7687,scraped_articles\article_295.txt,HTML
296,https://www.ncbi.nlm.nih.gov/pmc/articles/PMC10422843/,14845,scraped_articles\article_296.txt,HTML
297,https://www.ncbi.nlm.nih.gov/pmc/articles/PMC11022651/,11509,scraped_articles\article_297.txt,HTML
299,https://www.ncbi.nlm.nih.gov/pmc/articles/PMC11357997/,16232,scraped_articles\article_299.txt,HTML
300,https://www.ncbi.nlm.nih.gov/pmc/articles/PMC11167063/,10355,scraped_articles\article_300.txt,HTML
301,https://www.ncbi.nlm.nih.gov/pmc/articles/PMC11166909/,9630,scraped_articles\article_301.txt,HTML
302,https://www.ncbi.nlm.nih.gov/pmc/articles/PMC11222149/,13154,scraped_articles\article_302.txt,HTML
303,https://www.ncbi.nlm.nih.gov/pmc/articles/PMC11166948/,10873,scraped_articles\article_303.txt,HTML
304,https://www.ncbi.nlm.nih.gov/pmc/articles/PMC11166952/,15362,scraped_articles\article_304.txt,HTML
305,https://www.ncbi.nlm.nih.gov/pmc/articles/PMC11166937/,19154,scraped_articles\article_305.txt,HTML
306,https://www.ncbi.nlm.nih.gov/pmc/articles/PMC11357981/,14976,scraped_articles\article_306.txt,HTML
307,https://www.ncbi.nlm.nih.gov/pmc/articles/PMC11166969/,11561,scraped_articles\article_307.txt,HTML
308,https://www.ncbi.nlm.nih.gov/pmc/articles/PMC11166943/,10591,scraped_articles\article_308.txt,HTML
309,https://www.ncbi.nlm.nih.gov/pmc/articles/PMC11166967/,14610,scraped_articles\article_309.txt,HTML
310,https://www.ncbi.nlm.nih.gov/pmc/articles/PMC11167060/,16614,scraped_articles\article_310.txt,HTML
311,https://www.ncbi.nlm.nih.gov/pmc/articles/PMC11166981/,12707,scraped_articles\article_311.txt,HTML
312,https://www.ncbi.nlm.nih.gov/pmc/articles/PMC11263583/,9167,scraped_articles\article_312.txt,HTML
313,https://www.ncbi.nlm.nih.gov/pmc/articles/PMC11484870/,1172,scraped_articles\article_313.txt,HTML
314,https://www.ncbi.nlm.nih.gov/pmc/articles/PMC10780891/,9365,scraped_articles\article_314.txt,HTML
315,https://www.ncbi.nlm.nih.gov/pmc/articles/PMC7067979/,9674,scraped_articles\article_315.txt,HTML
316,https://www.ncbi.nlm.nih.gov/pmc/articles/PMC4321547/,6410,scraped_articles\article_316.txt,HTML
317,https://www.ncbi.nlm.nih.gov/pmc/articles/PMC6710492/,8516,scraped_articles\article_317.txt,HTML
319,https://www.ncbi.nlm.nih.gov/pmc/articles/PMC8518694/,11080,scraped_articles\article_319.txt,HTML
320,https://www.ncbi.nlm.nih.gov/pmc/articles/PMC9861679/,10517,scraped_articles\article_320.txt,HTML
321,https://www.ncbi.nlm.nih.gov/pmc/articles/PMC2897429/,4561,scraped_articles\article_321.txt,HTML
322,https://www.ncbi.nlm.nih.gov/pmc/articles/PMC4187989/,8830,scraped_articles\article_322.txt,HTML
323,https://www.ncbi.nlm.nih.gov/pmc/articles/PMC8217198/,5782,scraped_articles\article_323.txt,HTML
324,https://www.ncbi.nlm.nih.gov/pmc/articles/PMC6981245/,5362,scraped_articles\article_324.txt,HTML
326,https://www.ncbi.nlm.nih.gov/pmc/articles/PMC6131065/,4207,scraped_articles\article_326.txt,HTML
327,https://www.ncbi.nlm.nih.gov/pmc/articles/PMC11233762/,6038,scraped_articles\article_327.txt,HTML
328,https://www.ncbi.nlm.nih.gov/pmc/articles/PMC6213004/,7353,scraped_articles\article_328.txt,HTML
329,https://www.ncbi.nlm.nih.gov/pmc/articles/PMC7171750/,8137,scraped_articles\article_329.txt,HTML
330,https://www.ncbi.nlm.nih.gov/pmc/articles/PMC10414970/,15724,scraped_articles\article_330.txt,HTML
331,https://www.ncbi.nlm.nih.gov/pmc/articles/PMC8450295/,6840,scraped_articles\article_331.txt,HTML
332,https://www.ncbi.nlm.nih.gov/pmc/articles/PMC8183356/,10743,scraped_articles\article_332.txt,HTML
333,https://www.ncbi.nlm.nih.gov/pmc/articles/PMC8932657/,10526,scraped_articles\article_333.txt,HTML
334,https://www.ncbi.nlm.nih.gov/pmc/articles/PMC10504369/,7940,scraped_articles\article_334.txt,HTML
335,https://www.ncbi.nlm.nih.gov/pmc/articles/PMC3982735/,8222,scraped_articles\article_335.txt,HTML
336,https://www.ncbi.nlm.nih.gov/pmc/articles/PMC4682325/,10356,scraped_articles\article_336.txt,HTML
337,https://www.ncbi.nlm.nih.gov/pmc/articles/PMC10264680/,9912,scraped_articles\article_337.txt,HTML
338,https://www.ncbi.nlm.nih.gov/pmc/articles/PMC7358545/,10598,scraped_articles\article_338.txt,HTML
339,https://www.ncbi.nlm.nih.gov/pmc/articles/PMC9108708/,7115,scraped_articles\article_339.txt,HTML
340,https://www.ncbi.nlm.nih.gov/pmc/articles/PMC7555797/,8192,scraped_articles\article_340.txt,HTML
341,https://www.ncbi.nlm.nih.gov/pmc/articles/PMC3545801/,3973,scraped_articles\article_341.txt,HTML
342,https://www.ncbi.nlm.nih.gov/pmc/articles/PMC3869332/,821,scraped_articles\article_342.txt,HTML
343,https://www.ncbi.nlm.nih.gov/pmc/articles/PMC4135744/,5076,scraped_articles\article_343.txt,HTML
344,https://www.ncbi.nlm.nih.gov/pmc/articles/PMC3911009/,4559,scraped_articles\article_344.txt,HTML
345,https://www.ncbi.nlm.nih.gov/pmc/articles/PMC4923109/,6571,scraped_articles\article_345.txt,HTML
346,https://www.ncbi.nlm.nih.gov/pmc/articles/PMC11673879/,9987,scraped_articles\article_346.txt,HTML
347,https://www.ncbi.nlm.nih.gov/pmc/articles/PMC5648920/,6575,scraped_articles\article_347.txt,HTML
348,https://www.ncbi.nlm.nih.gov/pmc/articles/PMC5817088/,6439,scraped_articles\article_348.txt,HTML
349,https://www.ncbi.nlm.nih.gov/pmc/articles/PMC7825584/,4418,scraped_articles\article_349.txt,HTML
350,https://www.ncbi.nlm.nih.gov/pmc/articles/PMC8904044/,7066,scraped_articles\article_350.txt,HTML
351,https://www.ncbi.nlm.nih.gov/pmc/articles/PMC3012082/,9545,scraped_articles\article_351.txt,HTML
352,https://www.ncbi.nlm.nih.gov/pmc/articles/PMC11088941/,16149,scraped_articles\article_352.txt,HTML
353,https://www.ncbi.nlm.nih.gov/pmc/articles/PMC3187170/,8421,scraped_articles\article_353.txt,HTML
354,https://www.ncbi.nlm.nih.gov/pmc/articles/PMC3133089/,7822,scraped_articles\article_354.txt,HTML
355,https://www.ncbi.nlm.nih.gov/pmc/articles/PMC3242767/,6072,scraped_articles\article_355.txt,HTML
356,https://www.ncbi.nlm.nih.gov/pmc/articles/PMC3067220/,7617,scraped_articles\article_356.txt,HTML
357,https://www.ncbi.nlm.nih.gov/pmc/articles/PMC3251573/,9305,scraped_articles\article_357.txt,HTML
358,https://www.ncbi.nlm.nih.gov/pmc/articles/PMC3647661/,5433,scraped_articles\article_358.txt,HTML
359,https://www.ncbi.nlm.nih.gov/pmc/articles/PMC4085587/,3900,scraped_articles\article_359.txt,HTML
360,https://www.ncbi.nlm.nih.gov/pmc/articles/PMC4096993/,10648,scraped_articles\article_360.txt,HTML
361,https://www.ncbi.nlm.nih.gov/pmc/articles/PMC7467030/,7071,scraped_articles\article_361.txt,HTML
362,https://www.ncbi.nlm.nih.gov/pmc/articles/PMC4427280/,6862,scraped_articles\article_362.txt,HTML
363,https://www.ncbi.nlm.nih.gov/pmc/articles/PMC5460263/,9101,scraped_articles\article_363.txt,HTML
364,https://www.ncbi.nlm.nih.gov/pmc/articles/PMC6204695/,11785,scraped_articles\article_364.txt,HTML
365,https://www.ncbi.nlm.nih.gov/pmc/articles/PMC7943786/,8139,scraped_articles\article_365.txt,HTML
366,https://www.ncbi.nlm.nih.gov/pmc/articles/PMC11888247/,8847,scraped_articles\article_366.txt,HTML
367,https://www.ncbi.nlm.nih.gov/pmc/articles/PMC3851762/,13436,scraped_articles\article_367.txt,HTML
368,https://www.ncbi.nlm.nih.gov/pmc/articles/PMC8067245/,13552,scraped_articles\article_368.txt,HTML
370,https://www.ncbi.nlm.nih.gov/pmc/articles/PMC9701605/,8408,scraped_articles\article_370.txt,HTML
371,https://www.ncbi.nlm.nih.gov/pmc/articles/PMC11166648/,6829,scraped_articles\article_371.txt,HTML
372,https://www.ncbi.nlm.nih.gov/pmc/articles/PMC11166662/,8728,scraped_articles\article_372.txt,HTML
373,https://www.ncbi.nlm.nih.gov/pmc/articles/PMC3838407/,5424,scraped_articles\article_373.txt,HTML
374,https://www.ncbi.nlm.nih.gov/pmc/articles/PMC3748764/,8395,scraped_articles\article_374.txt,HTML
375,https://www.ncbi.nlm.nih.gov/pmc/articles/PMC2925951/,10035,scraped_articles\article_375.txt,HTML
376,https://www.ncbi.nlm.nih.gov/pmc/articles/PMC3350920/,6435,scraped_articles\article_376.txt,HTML
377,https://www.ncbi.nlm.nih.gov/pmc/articles/PMC3422896/,8553,scraped_articles\article_377.txt,HTML
378,https://www.ncbi.nlm.nih.gov/pmc/articles/PMC11869762/,6283,scraped_articles\article_378.txt,HTML
379,https://www.ncbi.nlm.nih.gov/pmc/articles/PMC10712242/,12884,scraped_articles\article_379.txt,HTML
380,https://www.ncbi.nlm.nih.gov/pmc/articles/PMC6143729/,7096,scraped_articles\article_380.txt,HTML
381,https://www.ncbi.nlm.nih.gov/pmc/articles/PMC10058394/,11361,scraped_articles\article_381.txt,HTML
382,https://www.ncbi.nlm.nih.gov/pmc/articles/PMC4103452/,3233,scraped_articles\article_382.txt,HTML
383,https://www.ncbi.nlm.nih.gov/pmc/articles/PMC8024390/,18807,scraped_articles\article_383.txt,HTML
384,https://www.ncbi.nlm.nih.gov/pmc/articles/PMC6348315/,9256,scraped_articles\article_384.txt,HTML
385,https://www.ncbi.nlm.nih.gov/pmc/articles/PMC6359015/,16734,scraped_articles\article_385.txt,HTML
386,https://www.ncbi.nlm.nih.gov/pmc/articles/PMC7667275/,6642,scraped_articles\article_386.txt,HTML
387,https://www.ncbi.nlm.nih.gov/pmc/articles/PMC7756144/,8912,scraped_articles\article_387.txt,HTML
388,https://www.ncbi.nlm.nih.gov/pmc/articles/PMC8169688/,5664,scraped_articles\article_388.txt,HTML
389,https://www.ncbi.nlm.nih.gov/pmc/articles/PMC8475764/,13019,scraped_articles\article_389.txt,HTML
390,https://www.ncbi.nlm.nih.gov/pmc/articles/PMC9098553/,6160,scraped_articles\article_390.txt,HTML
391,https://www.ncbi.nlm.nih.gov/pmc/articles/PMC10503492/,17011,scraped_articles\article_391.txt,HTML
392,https://www.ncbi.nlm.nih.gov/pmc/articles/PMC9693084/,6291,scraped_articles\article_392.txt,HTML
393,https://www.ncbi.nlm.nih.gov/pmc/articles/PMC3792163/,285,scraped_articles\article_393.txt,HTML
394,https://www.ncbi.nlm.nih.gov/pmc/articles/PMC4430214/,7031,scraped_articles\article_394.txt,HTML
395,https://www.ncbi.nlm.nih.gov/pmc/articles/PMC5045078/,6256,scraped_articles\article_395.txt,HTML
396,https://www.ncbi.nlm.nih.gov/pmc/articles/PMC5443495/,9460,scraped_articles\article_396.txt,HTML
397,https://www.ncbi.nlm.nih.gov/pmc/articles/PMC5666744/,7914,scraped_articles\article_397.txt,HTML
398,https://www.ncbi.nlm.nih.gov/pmc/articles/PMC5865701/,14652,scraped_articles\article_398.txt,HTML
399,https://www.ncbi.nlm.nih.gov/pmc/articles/PMC6337482/,6620,scraped_articles\article_399.txt,HTML
400,https://www.ncbi.nlm.nih.gov/pmc/articles/PMC9953463/,6602,scraped_articles\article_400.txt,HTML
401,https://www.ncbi.nlm.nih.gov/pmc/articles/PMC10487739/,5809,scraped_articles\article_401.txt,HTML
402,https://www.ncbi.nlm.nih.gov/pmc/articles/PMC11942576/,7624,scraped_articles\article_402.txt,HTML
403,https://www.ncbi.nlm.nih.gov/pmc/articles/PMC4052902/,10507,scraped_articles\article_403.txt,HTML
404,https://www.ncbi.nlm.nih.gov/pmc/articles/PMC8539686/,6897,scraped_articles\article_404.txt,HTML
405,https://www.ncbi.nlm.nih.gov/pmc/articles/PMC10800490/,10949,scraped_articles\article_405.txt,HTML
406,https://www.ncbi.nlm.nih.gov/pmc/articles/PMC7756143/,7340,scraped_articles\article_406.txt,HTML
407,https://www.ncbi.nlm.nih.gov/pmc/articles/PMC3066201/,9776,scraped_articles\article_407.txt,HTML
408,https://www.ncbi.nlm.nih.gov/pmc/articles/PMC11324864/,7111,scraped_articles\article_408.txt,HTML
409,https://www.ncbi.nlm.nih.gov/pmc/articles/PMC3665236/,3639,scraped_articles\article_409.txt,HTML
410,https://www.ncbi.nlm.nih.gov/pmc/articles/PMC10470837/,6180,scraped_articles\article_410.txt,HTML
411,https://www.ncbi.nlm.nih.gov/pmc/articles/PMC10386755/,9530,scraped_articles\article_411.txt,HTML
412,https://www.ncbi.nlm.nih.gov/pmc/articles/PMC8896891/,7289,scraped_articles\article_412.txt,HTML
413,https://www.ncbi.nlm.nih.gov/pmc/articles/PMC8430797/,10890,scraped_articles\article_413.txt,HTML
414,https://www.ncbi.nlm.nih.gov/pmc/articles/PMC5460135/,8314,scraped_articles\article_414.txt,HTML
415,https://www.ncbi.nlm.nih.gov/pmc/articles/PMC10774393/,7693,scraped_articles\article_415.txt,HTML
416,https://www.ncbi.nlm.nih.gov/pmc/articles/PMC6126739/,10310,scraped_articles\article_416.txt,HTML
417,https://www.ncbi.nlm.nih.gov/pmc/articles/PMC4411111/,9565,scraped_articles\article_417.txt,HTML
419,https://www.ncbi.nlm.nih.gov/pmc/articles/PMC9445043/,6682,scraped_articles\article_419.txt,HTML
420,https://www.ncbi.nlm.nih.gov/pmc/articles/PMC3509447/,9379,scraped_articles\article_420.txt,HTML
421,https://www.ncbi.nlm.nih.gov/pmc/articles/PMC5600826/,5462,scraped_articles\article_421.txt,HTML
422,https://www.ncbi.nlm.nih.gov/pmc/articles/PMC10831389/,7023,scraped_articles\article_422.txt,HTML
424,https://www.ncbi.nlm.nih.gov/pmc/articles/PMC4507784/,10770,scraped_articles\article_424.txt,HTML
425,https://www.ncbi.nlm.nih.gov/pmc/articles/PMC4349987/,6755,scraped_articles\article_425.txt,HTML
426,https://www.ncbi.nlm.nih.gov/pmc/articles/PMC6638264/,7822,scraped_articles\article_426.txt,HTML
427,https://www.ncbi.nlm.nih.gov/pmc/articles/PMC6130020/,6645,scraped_articles\article_427.txt,HTML
428,https://www.ncbi.nlm.nih.gov/pmc/articles/PMC9695374/,6829,scraped_articles\article_428.txt,HTML
429,https://www.ncbi.nlm.nih.gov/pmc/articles/PMC6141014/,3178,scraped_articles\article_429.txt,HTML
430,https://www.ncbi.nlm.nih.gov/pmc/articles/PMC6706399/,5096,scraped_articles\article_430.txt,HTML
431,https://www.ncbi.nlm.nih.gov/pmc/articles/PMC12034070/,4266,scraped_articles\article_431.txt,HTML
432,https://www.ncbi.nlm.nih.gov/pmc/articles/PMC7235020/,4321,scraped_articles\article_432.txt,HTML
433,https://www.ncbi.nlm.nih.gov/pmc/articles/PMC7599661/,7394,scraped_articles\article_433.txt,HTML
434,https://www.ncbi.nlm.nih.gov/pmc/articles/PMC8493566/,6956,scraped_articles\article_434.txt,HTML
435,https://www.ncbi.nlm.nih.gov/pmc/articles/PMC10926278/,192,scraped_articles\article_435.txt,HTML
436,https://www.ncbi.nlm.nih.gov/pmc/articles/PMC6069985/,8070,scraped_articles\article_436.txt,HTML
437,https://www.ncbi.nlm.nih.gov/pmc/articles/PMC9856674/,7641,scraped_articles\article_437.txt,HTML
438,https://www.ncbi.nlm.nih.gov/pmc/articles/PMC9410522/,9174,scraped_articles\article_438.txt,HTML
439,https://www.ncbi.nlm.nih.gov/pmc/articles/PMC10344948/,7095,scraped_articles\article_439.txt,HTML
440,https://www.ncbi.nlm.nih.gov/pmc/articles/PMC4750446/,5786,scraped_articles\article_440.txt,HTML
441,https://www.ncbi.nlm.nih.gov/pmc/articles/PMC7162976/,7527,scraped_articles\article_441.txt,HTML
442,https://www.ncbi.nlm.nih.gov/pmc/articles/PMC11353732/,8423,scraped_articles\article_442.txt,HTML
443,https://www.ncbi.nlm.nih.gov/pmc/articles/PMC11953390/,5057,scraped_articles\article_443.txt,HTML
444,https://www.ncbi.nlm.nih.gov/pmc/articles/PMC9737020/,9704,scraped_articles\article_444.txt,HTML
445,https://www.ncbi.nlm.nih.gov/pmc/articles/PMC5515519/,6097,scraped_articles\article_445.txt,HTML
446,https://www.ncbi.nlm.nih.gov/pmc/articles/PMC10144393/,9459,scraped_articles\article_446.txt,HTML
447,https://www.ncbi.nlm.nih.gov/pmc/articles/PMC10719374/,6974,scraped_articles\article_447.txt,HTML
448,https://www.ncbi.nlm.nih.gov/pmc/articles/PMC11096397/,7293,scraped_articles\article_448.txt,HTML
449,https://www.ncbi.nlm.nih.gov/pmc/articles/PMC11166655/,5975,scraped_articles\article_449.txt,HTML
450,https://www.ncbi.nlm.nih.gov/pmc/articles/PMC7937622/,10325,scraped_articles\article_450.txt,HTML
451,https://www.ncbi.nlm.nih.gov/pmc/articles/PMC7055474/,9250,scraped_articles\article_451.txt,HTML
452,https://www.ncbi.nlm.nih.gov/pmc/articles/PMC7118179/,2087,scraped_articles\article_452.txt,HTML
453,https://www.ncbi.nlm.nih.gov/pmc/articles/PMC4494396/,7887,scraped_articles\article_453.txt,HTML
454,https://www.ncbi.nlm.nih.gov/pmc/articles/PMC8323809/,5992,scraped_articles\article_454.txt,HTML
455,https://www.ncbi.nlm.nih.gov/pmc/articles/PMC8886715/,5315,scraped_articles\article_455.txt,HTML
456,https://www.ncbi.nlm.nih.gov/pmc/articles/PMC8890767/,6551,scraped_articles\article_456.txt,HTML
457,https://www.ncbi.nlm.nih.gov/pmc/articles/PMC9487896/,3903,scraped_articles\article_457.txt,HTML
458,https://www.ncbi.nlm.nih.gov/pmc/articles/PMC10142442/,5948,scraped_articles\article_458.txt,HTML
459,https://www.ncbi.nlm.nih.gov/pmc/articles/PMC11477029/,6940,scraped_articles\article_459.txt,HTML
460,https://www.ncbi.nlm.nih.gov/pmc/articles/PMC4309301/,6707,scraped_articles\article_460.txt,HTML
462,https://www.ncbi.nlm.nih.gov/pmc/articles/PMC6343501/,8942,scraped_articles\article_462.txt,HTML
463,https://www.ncbi.nlm.nih.gov/pmc/articles/PMC7138367/,6318,scraped_articles\article_463.txt,HTML
464,https://www.ncbi.nlm.nih.gov/pmc/articles/PMC6689164/,12979,scraped_articles\article_464.txt,HTML
465,https://www.ncbi.nlm.nih.gov/pmc/articles/PMC3564669/,5623,scraped_articles\article_465.txt,HTML
466,https://www.ncbi.nlm.nih.gov/pmc/articles/PMC4042434/,7638,scraped_articles\article_466.txt,HTML
467,https://www.ncbi.nlm.nih.gov/pmc/articles/PMC4161659/,7299,scraped_articles\article_467.txt,HTML
468,https://www.ncbi.nlm.nih.gov/pmc/articles/PMC4917201/,6605,scraped_articles\article_468.txt,HTML
469,https://www.ncbi.nlm.nih.gov/pmc/articles/PMC4985531/,5703,scraped_articles\article_469.txt,HTML
470,https://www.ncbi.nlm.nih.gov/pmc/articles/PMC5421618/,6063,scraped_articles\article_470.txt,HTML
471,https://www.ncbi.nlm.nih.gov/pmc/articles/PMC5515514/,3331,scraped_articles\article_471.txt,HTML
472,https://www.ncbi.nlm.nih.gov/pmc/articles/PMC8671758/,5995,scraped_articles\article_472.txt,HTML
473,https://www.ncbi.nlm.nih.gov/pmc/articles/PMC5771473/,4856,scraped_articles\article_473.txt,HTML
474,https://www.ncbi.nlm.nih.gov/pmc/articles/PMC5288125/,7216,scraped_articles\article_474.txt,HTML
475,https://www.ncbi.nlm.nih.gov/pmc/articles/PMC5389344/,5701,scraped_articles\article_475.txt,HTML
476,https://www.ncbi.nlm.nih.gov/pmc/articles/PMC9784906/,6255,scraped_articles\article_476.txt,HTML
477,https://www.ncbi.nlm.nih.gov/pmc/articles/PMC6548323/,8557,scraped_articles\article_477.txt,HTML
478,https://www.ncbi.nlm.nih.gov/pmc/articles/PMC6597714/,6652,scraped_articles\article_478.txt,HTML
479,https://www.ncbi.nlm.nih.gov/pmc/articles/PMC6865368/,6315,scraped_articles\article_479.txt,HTML
480,https://www.ncbi.nlm.nih.gov/pmc/articles/PMC7907224/,4142,scraped_articles\article_480.txt,HTML
481,https://www.ncbi.nlm.nih.gov/pmc/articles/PMC8213760/,2491,scraped_articles\article_481.txt,HTML
482,https://www.ncbi.nlm.nih.gov/pmc/articles/PMC9582271/,7060,scraped_articles\article_482.txt,HTML
483,https://www.ncbi.nlm.nih.gov/pmc/articles/PMC10063413/,5962,scraped_articles\article_483.txt,HTML
484,https://www.ncbi.nlm.nih.gov/pmc/articles/PMC10889206/,6394,scraped_articles\article_484.txt,HTML
485,https://www.ncbi.nlm.nih.gov/pmc/articles/PMC8468678/,4212,scraped_articles\article_485.txt,HTML
486,https://www.ncbi.nlm.nih.gov/pmc/articles/PMC9031868/,17994,scraped_articles\article_486.txt,HTML
487,https://www.ncbi.nlm.nih.gov/pmc/articles/PMC10030976/,7357,scraped_articles\article_487.txt,HTML
488,https://www.ncbi.nlm.nih.gov/pmc/articles/PMC5910807/,9172,scraped_articles\article_488.txt,HTML
489,https://www.ncbi.nlm.nih.gov/pmc/articles/PMC12021249/,7031,scraped_articles\article_489.txt,HTML
490,https://www.ncbi.nlm.nih.gov/pmc/articles/PMC6057834/,9881,scraped_articles\article_490.txt,HTML
491,https://www.ncbi.nlm.nih.gov/pmc/articles/PMC6876156/,9421,scraped_articles\article_491.txt,HTML
492,https://www.ncbi.nlm.nih.gov/pmc/articles/PMC7415877/,6293,scraped_articles\article_492.txt,HTML
493,https://www.ncbi.nlm.nih.gov/pmc/articles/PMC7285199/,6069,scraped_articles\article_493.txt,HTML
494,https://www.ncbi.nlm.nih.gov/pmc/articles/PMC9549344/,9457,scraped_articles\article_494.txt,HTML
495,https://www.ncbi.nlm.nih.gov/pmc/articles/PMC7530743/,11516,scraped_articles\article_495.txt,HTML
496,https://www.ncbi.nlm.nih.gov/pmc/articles/PMC7890410/,9193,scraped_articles\article_496.txt,HTML
497,https://www.ncbi.nlm.nih.gov/pmc/articles/PMC9640571/,9465,scraped_articles\article_497.txt,HTML
498,https://www.ncbi.nlm.nih.gov/pmc/articles/PMC9862956/,5913,scraped_articles\article_498.txt,HTML
499,https://www.ncbi.nlm.nih.gov/pmc/articles/PMC10410709/,10539,scraped_articles\article_499.txt,HTML
500,https://www.ncbi.nlm.nih.gov/pmc/articles/PMC10751425/,6199,scraped_articles\article_500.txt,HTML
501,https://www.ncbi.nlm.nih.gov/pmc/articles/PMC10605753/,8774,scraped_articles\article_501.txt,HTML
502,https://www.ncbi.nlm.nih.gov/pmc/articles/PMC10846184/,10251,scraped_articles\article_502.txt,HTML
504,https://www.ncbi.nlm.nih.gov/pmc/articles/PMC11302229/,8938,scraped_articles\article_504.txt,HTML
505,https://www.ncbi.nlm.nih.gov/pmc/articles/PMC11487192/,11547,scraped_articles\article_505.txt,HTML
506,https://www.ncbi.nlm.nih.gov/pmc/articles/PMC3554398/,7595,scraped_articles\article_506.txt,HTML
507,https://www.ncbi.nlm.nih.gov/pmc/articles/PMC10370681/,6406,scraped_articles\article_507.txt,HTML
508,https://www.ncbi.nlm.nih.gov/pmc/articles/PMC4624184/,10678,scraped_articles\article_508.txt,HTML
509,https://www.ncbi.nlm.nih.gov/pmc/articles/PMC4945788/,1016,scraped_articles\article_509.txt,HTML
510,https://www.ncbi.nlm.nih.gov/pmc/articles/PMC9116463/,5501,scraped_articles\article_510.txt,HTML
511,https://www.ncbi.nlm.nih.gov/pmc/articles/PMC5201052/,1267,scraped_articles\article_511.txt,HTML
512,https://www.ncbi.nlm.nih.gov/pmc/articles/PMC5391430/,1224,scraped_articles\article_512.txt,HTML
513,https://www.ncbi.nlm.nih.gov/pmc/articles/PMC5504618/,10032,scraped_articles\article_513.txt,HTML
514,https://www.ncbi.nlm.nih.gov/pmc/articles/PMC5580210/,536,scraped_articles\article_514.txt,HTML
515,https://www.ncbi.nlm.nih.gov/pmc/articles/PMC8421509/,6853,scraped_articles\article_515.txt,HTML
516,https://www.ncbi.nlm.nih.gov/pmc/articles/PMC5552977/,1710,scraped_articles\article_516.txt,HTML
517,https://www.ncbi.nlm.nih.gov/pmc/articles/PMC5805884/,1034,scraped_articles\article_517.txt,HTML
518,https://www.ncbi.nlm.nih.gov/pmc/articles/PMC5864415/,9454,scraped_articles\article_518.txt,HTML
519,https://www.ncbi.nlm.nih.gov/pmc/articles/PMC6013642/,800,scraped_articles\article_519.txt,HTML
520,https://www.ncbi.nlm.nih.gov/pmc/articles/PMC5578834/,842,scraped_articles\article_520.txt,HTML
522,https://www.ncbi.nlm.nih.gov/pmc/articles/PMC5958250/,1001,scraped_articles\article_522.txt,HTML
523,https://www.ncbi.nlm.nih.gov/pmc/articles/PMC7326050/,7662,scraped_articles\article_523.txt,HTML
524,https://www.ncbi.nlm.nih.gov/pmc/articles/PMC6251167/,6235,scraped_articles\article_524.txt,HTML
525,https://www.ncbi.nlm.nih.gov/pmc/articles/PMC6280456/,412,scraped_articles\article_525.txt,HTML
526,https://www.ncbi.nlm.nih.gov/pmc/articles/PMC9098231/,8323,scraped_articles\article_526.txt,HTML
528,https://www.ncbi.nlm.nih.gov/pmc/articles/PMC6426649/,9957,scraped_articles\article_528.txt,HTML
529,https://www.ncbi.nlm.nih.gov/pmc/articles/PMC6452512/,13500,scraped_articles\article_529.txt,HTML
530,https://www.ncbi.nlm.nih.gov/pmc/articles/PMC6529585/,8324,scraped_articles\article_530.txt,HTML
531,https://www.ncbi.nlm.nih.gov/pmc/articles/PMC6952069/,8432,scraped_articles\article_531.txt,HTML
532,https://www.ncbi.nlm.nih.gov/pmc/articles/PMC7303416/,1258,scraped_articles\article_532.txt,HTML
533,https://www.ncbi.nlm.nih.gov/pmc/articles/PMC7317102/,1281,scraped_articles\article_533.txt,HTML
534,https://www.ncbi.nlm.nih.gov/pmc/articles/PMC7393961/,1722,scraped_articles\article_534.txt,HTML
535,https://www.ncbi.nlm.nih.gov/pmc/articles/PMC7484075/,1936,scraped_articles\article_535.txt,HTML
536,https://www.ncbi.nlm.nih.gov/pmc/articles/PMC7516158/,1751,scraped_articles\article_536.txt,HTML
537,https://www.ncbi.nlm.nih.gov/pmc/articles/PMC7561690/,1769,scraped_articles\article_537.txt,HTML
538,https://www.ncbi.nlm.nih.gov/pmc/articles/PMC7595942/,1645,scraped_articles\article_538.txt,HTML
539,https://www.ncbi.nlm.nih.gov/pmc/articles/PMC7677455/,12279,scraped_articles\article_539.txt,HTML
540,https://www.ncbi.nlm.nih.gov/pmc/articles/PMC8005752/,8057,scraped_articles\article_540.txt,HTML
541,https://www.ncbi.nlm.nih.gov/pmc/articles/PMC8104057/,1900,scraped_articles\article_541.txt,HTML
542,https://www.ncbi.nlm.nih.gov/pmc/articles/PMC12034939/,6775,scraped_articles\article_542.txt,HTML
543,https://www.ncbi.nlm.nih.gov/pmc/articles/PMC8012687/,14170,scraped_articles\article_543.txt,HTML
544,https://www.ncbi.nlm.nih.gov/pmc/articles/PMC8086211/,3054,scraped_articles\article_544.txt,HTML
545,https://www.ncbi.nlm.nih.gov/pmc/articles/PMC8211661/,7369,scraped_articles\article_545.txt,HTML
546,https://www.ncbi.nlm.nih.gov/pmc/articles/PMC11988970/,13373,scraped_articles\article_546.txt,HTML
547,https://www.ncbi.nlm.nih.gov/pmc/articles/PMC8754149/,8252,scraped_articles\article_547.txt,HTML
548,https://www.ncbi.nlm.nih.gov/pmc/articles/PMC8875396/,10367,scraped_articles\article_548.txt,HTML
549,https://www.ncbi.nlm.nih.gov/pmc/articles/PMC9258157/,10404,scraped_articles\article_549.txt,HTML
550,https://www.ncbi.nlm.nih.gov/pmc/articles/PMC9503880/,6738,scraped_articles\article_550.txt,HTML
551,https://www.ncbi.nlm.nih.gov/pmc/articles/PMC9743659/,8389,scraped_articles\article_551.txt,HTML
554,https://www.ncbi.nlm.nih.gov/pmc/articles/PMC10715203/,6780,scraped_articles\article_554.txt,HTML
555,https://www.ncbi.nlm.nih.gov/pmc/articles/PMC10628120/,12585,scraped_articles\article_555.txt,HTML
556,https://www.ncbi.nlm.nih.gov/pmc/articles/PMC10960378/,9174,scraped_articles\article_556.txt,HTML
558,https://www.ncbi.nlm.nih.gov/pmc/articles/PMC11451251/,9357,scraped_articles\article_558.txt,HTML
559,https://www.ncbi.nlm.nih.gov/pmc/articles/PMC5523082/,6363,scraped_articles\article_559.txt,HTML
560,https://www.ncbi.nlm.nih.gov/pmc/articles/PMC6590338/,10416,scraped_articles\article_560.txt,HTML
561,https://www.ncbi.nlm.nih.gov/pmc/articles/PMC6036641/,4885,scraped_articles\article_561.txt,HTML
562,https://www.ncbi.nlm.nih.gov/pmc/articles/PMC6599637/,5520,scraped_articles\article_562.txt,HTML
563,https://www.ncbi.nlm.nih.gov/pmc/articles/PMC8274610/,13434,scraped_articles\article_563.txt,HTML
564,https://www.ncbi.nlm.nih.gov/pmc/articles/PMC8131644/,9676,scraped_articles\article_564.txt,HTML
565,https://www.ncbi.nlm.nih.gov/pmc/articles/PMC9163032/,2305,scraped_articles\article_565.txt,HTML
566,https://www.ncbi.nlm.nih.gov/pmc/articles/PMC5568470/,5147,scraped_articles\article_566.txt,HTML
567,https://www.ncbi.nlm.nih.gov/pmc/articles/PMC5485990/,6062,scraped_articles\article_567.txt,HTML
568,https://www.ncbi.nlm.nih.gov/pmc/articles/PMC5460239/,5494,scraped_articles\article_568.txt,HTML
569,https://www.ncbi.nlm.nih.gov/pmc/articles/PMC6275019/,9665,scraped_articles\article_569.txt,HTML
570,https://www.ncbi.nlm.nih.gov/pmc/articles/PMC5397022/,4371,scraped_articles\article_570.txt,HTML
571,https://www.ncbi.nlm.nih.gov/pmc/articles/PMC7251690/,8972,scraped_articles\article_571.txt,HTML
572,https://www.ncbi.nlm.nih.gov/pmc/articles/PMC10284894/,20965,scraped_articles\article_572.txt,HTML
575,https://www.ncbi.nlm.nih.gov/pmc/articles/PMC9964234/,5915,scraped_articles\article_575.txt,HTML
576,https://www.ncbi.nlm.nih.gov/pmc/articles/PMC10793275/,1531,scraped_articles\article_576.txt,HTML
577,https://www.ncbi.nlm.nih.gov/pmc/articles/PMC4116675/,6544,scraped_articles\article_577.txt,HTML
578,https://www.ncbi.nlm.nih.gov/pmc/articles/PMC5810432/,5051,scraped_articles\article_578.txt,HTML
579,https://www.ncbi.nlm.nih.gov/pmc/articles/PMC10261121/,7922,scraped_articles\article_579.txt,HTML
580,https://www.ncbi.nlm.nih.gov/pmc/articles/PMC8739323/,9994,scraped_articles\article_580.txt,HTML
582,https://www.ncbi.nlm.nih.gov/pmc/articles/PMC9502502/,7392,scraped_articles\article_582.txt,HTML
583,https://www.ncbi.nlm.nih.gov/pmc/articles/PMC10432549/,9557,scraped_articles\article_583.txt,HTML
584,https://www.ncbi.nlm.nih.gov/pmc/articles/PMC7261848/,6671,scraped_articles\article_584.txt,HTML
585,https://www.ncbi.nlm.nih.gov/pmc/articles/PMC8537831/,10759,scraped_articles\article_585.txt,HTML
586,https://www.ncbi.nlm.nih.gov/pmc/articles/PMC8879990/,7795,scraped_articles\article_586.txt,HTML
587,https://www.ncbi.nlm.nih.gov/pmc/articles/PMC10472590/,1696,scraped_articles\article_587.txt,HTML
588,https://www.ncbi.nlm.nih.gov/pmc/articles/PMC11999716/,7691,scraped_articles\article_588.txt,HTML
589,https://www.ncbi.nlm.nih.gov/pmc/articles/PMC11969330/,7635,scraped_articles\article_589.txt,HTML
590,https://www.ncbi.nlm.nih.gov/pmc/articles/PMC11940681/,7619,scraped_articles\article_590.txt,HTML
591,https://www.ncbi.nlm.nih.gov/pmc/articles/PMC11941215/,5810,scraped_articles\article_591.txt,HTML
592,https://www.ncbi.nlm.nih.gov/pmc/articles/PMC11892206/,6869,scraped_articles\article_592.txt,HTML
593,https://www.ncbi.nlm.nih.gov/pmc/articles/PMC11748630/,9688,scraped_articles\article_593.txt,HTML
594,https://www.ncbi.nlm.nih.gov/pmc/articles/PMC11659408/,9161,scraped_articles\article_594.txt,HTML
595,https://www.ncbi.nlm.nih.gov/pmc/articles/PMC11701653/,7841,scraped_articles\article_595.txt,HTML
596,https://www.ncbi.nlm.nih.gov/pmc/articles/PMC11593819/,7384,scraped_articles\article_596.txt,HTML
604,https://www.ncbi.nlm.nih.gov/pmc/articles/PMC11339457/,6549,scraped_articles\article_604.txt,HTML
